Workbook

Sheet Guia de Uso
B2: GUIA DE USO — Ejemplo de Registro de Tiempos de Ejecucion
B3: Estructura de Datos | Ing. Brandon Chitay | Universidad Da Vinci de Guatemala
B5: PROPOSITO DEL ARCHIVO | C5: Este archivo te muestra EXACTAMENTE como registrar tus tiempos, calcular promedios y generar las graficas. Los datos de muestra son ficticios (realistas pero inventados). Reemplazalos con los tiempos reales que obtengas al ejecutar tus algoritmos en Java.
B8: ESTRUCTURA DEL LIBRO | C8: 1. Datos_Crudos — tabla con las 5 ejecuciones y el promedio por algoritmo 2. Factorial — comparativa iterativo vs recursivo + grafica 3. Fibonacci — comparativa + grafica (ven la diferencia exponencial!) 4. Busqueda_Lineal — comparativa + grafica 5. Burbuja — comparativa + grafica 6. Conclusiones — tabla de Big-O experimental vs teorico
B11: CODIGO DE COLORES | C11: Fondo AMARILLO → Celdas que TU debes rellenar con tus mediciones reales Fondo VERDE → Formula automatica (promedio), NO la edites Fondo AZUL → Encabezado, no modificar Fondo GRIS → Dato de referencia calculado automaticamente
B14: COMO MEDIR EN JAVA | C14: long inicio = System.nanoTime(); // ... tu algoritmo aqui ... long fin = System.nanoTime(); double ms = (fin - inicio) / 1_000_000.0; Repite 5 veces y registra cada resultado en las columnas Ej.1 a Ej.5.
B17: COMO CREAR LA GRAFICA | C17: 1. Selecciona las columnas n, Iterativo y Recursivo de la hoja comparativa 2. Insertar → Grafico → Dispersion con lineas y marcadores 3. Agrega titulo: '[Algoritmo]: Iterativo vs Recursivo' 4. Eje X: Tamano (n) | Eje Y: Tiempo (ms) 5. Clic derecho en cada serie → Agregar linea de tendencia
B20: PREGUNTAS CLAVE | C20: Fibonacci: ¿por que el recursivo es tan mas lento que el iterativo? Burbuja: ¿cuanto aumenta el tiempo al duplicar n? (pista: 4x) ¿Cual algoritmo es el mas rapido? ¿El mas lento? ¿Vale la pena la elegancia del codigo recursivo para Fibonacci?

Sheet 1. Datos_Crudos
B1: HOJA 1 — Datos Crudos | Tiempos de Ejecucion (ms)
B2: Algoritmo | C2: Version | D2: n | E2: Ej. 1 (ms) | F2: Ej. 2 (ms) | G2: Ej. 3 (ms) | H2: Ej. 4 (ms) | I2: Ej. 5 (ms) | J2: PROMEDIO (ms)
B3: A1 - Factorial | C3: Iterativo | D3: 5 | E3: 0.008 | F3: 0.005 | G3: 0.0121 | H3: 0.0089 | I3: 0.0085 | J3: =AVERAGE(E3:I3) -> 0.0085
B4: A1 - Factorial | C4: Iterativo | D4: 10 | E4: 0.0026 | F4: 0.0016 | G4: 0.0021 | H4: 0.0023 | I4: 0.0023 | J4: =AVERAGE(E4:I4) -> 0.00218
B5: A1 - Factorial | C5: Iterativo | D5: 15 | E5: 0.0047 | F5: 0.0023 | G5: 0.0028 | H5: 0.0023 | I5: 0.0034 | J5: =AVERAGE(E5:I5) -> 0.0031
B6: A1 - Factorial | C6: Iterativo | D6: 20 | E6: 0.0039 | F6: 0.0031 | G6: 0.0031 | H6: 0.0029 | I6: 0.0037 | J6: =AVERAGE(E6:I6) -> 0.00334
B7: A1 - Factorial | C7: Iterativo | D7: 25 | E7: 0.0048 | F7: 0.0045 | G7: 0.0036 | H7: 0.0029 | I7: 0.0048 | J7: =AVERAGE(E7:I7) -> 0.00412
B8: A1 - Factorial | C8: Iterativo | D8: 30 | E8: 0.0057 | F8: 0.0038 | G8: 0.0049 | H8: 0.0051 | I8: 0.0039 | J8: =AVERAGE(E8:I8) -> 0.00468
B9: A1 - Factorial | C9: Recursivo | D9: 5 | E9: 0.01 | F9: 0.0044 | G9: 0.0085 | H9: 0.0089 | I9: 0.008 | J9: =AVERAGE(E9:I9) -> 0.00796
B10: A1 - Factorial | C10: Recursivo | D10: 10 | E10: 0.0022 | F10: 0.0014 | G10: 0.0015 | H10: 0.0017 | I10: 0.002 | J10: =AVERAGE(E10:I10) -> 0.00176
B11: A1 - Factorial | C11: Recursivo | D11: 15 | E11: 0.0025 | F11: 0.0017 | G11: 0.002 | H11: 0.0019 | I11: 0.003 | J11: =AVERAGE(E11:I11) -> 0.00222
B12: A1 - Factorial | C12: Recursivo | D12: 20 | E12: 0.0026 | F12: 0.0035 | G12: 0.0022 | H12: 0.0021 | I12: 0.003 | J12: =AVERAGE(E12:I12) -> 0.00268
B13: A1 - Factorial | C13: Recursivo | D13: 25 | E13: 0.0032 | F13: 0.0029 | G13: 0.0033 | H13: 0.0025 | I13: 0.0032 | J13: =AVERAGE(E13:I13) -> 0.00302
B14: A1 - Factorial | C14: Recursivo | D14: 30 | E14: 0.0047 | F14: 0.0022 | G14: 0.0031 | H14: 0.003 | I14: 0.0031 | J14: =AVERAGE(E14:I14) -> 0.00322
... B49: A4 - Burbuja | C49: Recursivo | D49: 10000 | E49: 944.9926 | F49: 168.3119 | G49: 1300.1351 | H49: 204.9438 | I49: 191.1124 | J49: =AVERAGE(E49:I49) -> 561.89916
B52: Leyenda: Fondo AMARILLO = ingresa tu medicion real | Fondo VERDE = promedio automatico (no editar) | Fondo NARANJA = version recursiva

Sheet 2. Factorial
B1: HOJA — A1 - Factorial | Iterativo vs. Recursivo
B2: Big-O Iterativo: | C2: O(n) | D2: Big-O Recursivo: O(n)
B4: n | C4: Iterativo (O(n)) | D4: Recursivo (O(n))
B5: 5 | C5: =AVERAGEIFS('1. Datos_Crudos'!$J:$J,'1. Datos_Crudos'!$B:$B,"A1 - Factorial",'1. Datos_Crudos'!$C:$C,"Iterativo",'1. Datos_Crudos'!$D:$D,B5) -> 0.0085 | D5: =AVERAGEIFS('1. Datos_Crudos'!$J:$J,'1. Datos_Crudos'!$B:$B,"A1 - Factorial",'1. Datos_Crudos'!$C:$C,"Recursivo",'1. Datos_Crudos'!$D:$D,B5) -> 0.00796
B6: 10 | C6: =AVERAGEIFS('1. Datos_Crudos'!$J:$J,'1. Datos_Crudos'!$B:$B,"A1 - Factorial",'1. Datos_Crudos'!$C:$C,"Iterativo",'1. Datos_Crudos'!$D:$D,B6) -> 0.00218 | D6: =AVERAGEIFS('1. Datos_Crudos'!$J:$J,'1. Datos_Crudos'!$B:$B,"A1 - Factorial",'1. Datos_Crudos'!$C:$C,"Recursivo",'1. Datos_Crudos'!$D:$D,B6) -> 0.00176
B7: 15 | C7: =AVERAGEIFS('1. Datos_Crudos'!$J:$J,'1. Datos_Crudos'!$B:$B,"A1 - Factorial",'1. Datos_Crudos'!$C:$C,"Iterativo",'1. Datos_Crudos'!$D:$D,B7) -> 0.0031 | D7: =AVERAGEIFS('1. Datos_Crudos'!$J:$J,'1. Datos_Crudos'!$B:$B,"A1 - Factorial",'1. Datos_Crudos'!$C:$C,"Recursivo",'1. Datos_Crudos'!$D:$D,B7) -> 0.00222
B8: 20 | C8: =AVERAGEIFS('1. Datos_Crudos'!$J:$J,'1. Datos_Crudos'!$B:$B,"A1 - Factorial",'1. Datos_Crudos'!$C:$C,"Iterativo",'1. Datos_Crudos'!$D:$D,B8) -> 0.00334 | D8: =AVERAGEIFS('1. Datos_Crudos'!$J:$J,'1. Datos_Crudos'!$B:$B,"A1 - Factorial",'1. Datos_Crudos'!$C:$C,"Recursivo",'1. Datos_Crudos'!$D:$D,B8) -> 0.00268
B9: 25 | C9: =AVERAGEIFS('1. Datos_Crudos'!$J:$J,'1. Datos_Crudos'!$B:$B,"A1 - Factorial",'1. Datos_Crudos'!$C:$C,"Iterativo",'1. Datos_Crudos'!$D:$D,B9) -> 0.00412 | D9: =AVERAGEIFS('1. Datos_Crudos'!$J:$J,'1. Datos_Crudos'!$B:$B,"A1 - Factorial",'1. Datos_Crudos'!$C:$C,"Recursivo",'1. Datos_Crudos'!$D:$D,B9) -> 0.00302
B10: 30 | C10: =AVERAGEIFS('1. Datos_Crudos'!$J:$J,'1. Datos_Crudos'!$B:$B,"A1 - Factorial",'1. Datos_Crudos'!$C:$C,"Iterativo",'1. Datos_Crudos'!$D:$D,B10) -> 0.00468 | D10: =AVERAGEIFS('1. Datos_Crudos'!$J:$J,'1. Datos_Crudos'!$B:$B,"A1 - Factorial",'1. Datos_Crudos'!$C:$C,"Recursivo",'1. Datos_Crudos'!$D:$D,B10) -> 0.00322
B12: Observacion: Ambas versiones son O(n): el tiempo crece linealmente con n.

Sheet 3. Fibonacci
B1: HOJA — A2 - Fibonacci | Iterativo vs. Recursivo
B2: Big-O Iterativo: | C2: O(n) | D2: Big-O Recursivo: O(2^n)
B4: n | C4: Iterativo (O(n)) | D4: Recursivo (O(2^n))
B5: 5 | C5: =AVERAGEIFS('1. Datos_Crudos'!$J:$J,'1. Datos_Crudos'!$B:$B,"A2 - Fibonacci",'1. Datos_Crudos'!$C:$C,"Iterativo",'1. Datos_Crudos'!$D:$D,B5) -> 0.01514 | D5: =AVERAGEIFS('1. Datos_Crudos'!$J:$J,'1. Datos_Crudos'!$B:$B,"A2 - Fibonacci",'1. Datos_Crudos'!$C:$C,"Recursivo",'1. Datos_Crudos'!$D:$D,B5) -> 0.00772
B6: 10 | C6: =AVERAGEIFS('1. Datos_Crudos'!$J:$J,'1. Datos_Crudos'!$B:$B,"A2 - Fibonacci",'1. Datos_Crudos'!$C:$C,"Iterativo",'1. Datos_Crudos'!$D:$D,B6) -> 0.00366 | D6: =AVERAGEIFS('1. Datos_Crudos'!$J:$J,'1. Datos_Crudos'!$B:$B,"A2 - Fibonacci",'1. Datos_Crudos'!$C:$C,"Recursivo",'1. Datos_Crudos'!$D:$D,B6) -> 0.0194
B7: 15 | C7: =AVERAGEIFS('1. Datos_Crudos'!$J:$J,'1. Datos_Crudos'!$B:$B,"A2 - Fibonacci",'1. Datos_Crudos'!$C:$C,"Iterativo",'1. Datos_Crudos'!$D:$D,B7) -> 0.00286 | D7: =AVERAGEIFS('1. Datos_Crudos'!$J:$J,'1. Datos_Crudos'!$B:$B,"A2 - Fibonacci",'1. Datos_Crudos'!$C:$C,"Recursivo",'1. Datos_Crudos'!$D:$D,B7) -> 0.43132
B8: 20 | C8: =AVERAGEIFS('1. Datos_Crudos'!$J:$J,'1. Datos_Crudos'!$B:$B,"A2 - Fibonacci",'1. Datos_Crudos'!$C:$C,"Iterativo",'1. Datos_Crudos'!$D:$D,B8) -> 0.00344 | D8: =AVERAGEIFS('1. Datos_Crudos'!$J:$J,'1. Datos_Crudos'!$B:$B,"A2 - Fibonacci",'1. Datos_Crudos'!$C:$C,"Recursivo",'1. Datos_Crudos'!$D:$D,B8) -> 0.35396
B9: 25 | C9: =AVERAGEIFS('1. Datos_Crudos'!$J:$J,'1. Datos_Crudos'!$B:$B,"A2 - Fibonacci",'1. Datos_Crudos'!$C:$C,"Iterativo",'1. Datos_Crudos'!$D:$D,B9) -> 0.0035 | D9: =AVERAGEIFS('1. Datos_Crudos'!$J:$J,'1. Datos_Crudos'!$B:$B,"A2 - Fibonacci",'1. Datos_Crudos'!$C:$C,"Recursivo",'1. Datos_Crudos'!$D:$D,B9) -> 0.81334
B10: 30 | C10: =AVERAGEIFS('1. Datos_Crudos'!$J:$J,'1. Datos_Crudos'!$B:$B,"A2 - Fibonacci",'1. Datos_Crudos'!$C:$C,"Iterativo",'1. Datos_Crudos'!$D:$D,B10) -> 0.00452 | D10: =AVERAGEIFS('1. Datos_Crudos'!$J:$J,'1. Datos_Crudos'!$B:$B,"A2 - Fibonacci",'1. Datos_Crudos'!$C:$C,"Recursivo",'1. Datos_Crudos'!$D:$D,B10) -> 11.59044
B12: Observacion: Recursivo crece exponencialmente: duplicar n casi cuadriplica el tiempo.

Sheet 4. Busqueda Lineal
B1: HOJA — A3 - Busqueda Lineal | Iterativo vs. Recursivo
B2: Big-O Iterativo: | C2: O(n) | D2: Big-O Recursivo: O(n)
B4: n | C4: Iterativo (O(n)) | D4: Recursivo (O(n))
B5: 100 | C5: =AVERAGEIFS('1. Datos_Crudos'!$J:$J,'1. Datos_Crudos'!$B:$B,"A3 - Busqueda Lineal",'1. Datos_Crudos'!$C:$C,"Iterativo",'1. Datos_Crudos'!$D:$D,B5) -> 0.01776 | D5: =AVERAGEIFS('1. Datos_Crudos'!$J:$J,'1. Datos_Crudos'!$B:$B,"A3 - Busqueda Lineal",'1. Datos_Crudos'!$C:$C,"Recursivo",'1. Datos_Crudos'!$D:$D,B5) -> 0.02316
B6: 500 | C6: =AVERAGEIFS('1. Datos_Crudos'!$J:$J,'1. Datos_Crudos'!$B:$B,"A3 - Busqueda Lineal",'1. Datos_Crudos'!$C:$C,"Iterativo",'1. Datos_Crudos'!$D:$D,B6) -> 0.05218 | D6: =AVERAGEIFS('1. Datos_Crudos'!$J:$J,'1. Datos_Crudos'!$B:$B,"A3 - Busqueda Lineal",'1. Datos_Crudos'!$C:$C,"Recursivo",'1. Datos_Crudos'!$D:$D,B6) -> 1.0227
B7: 1000 | C7: =AVERAGEIFS('1. Datos_Crudos'!$J:$J,'1. Datos_Crudos'!$B:$B,"A3 - Busqueda Lineal",'1. Datos_Crudos'!$C:$C,"Iterativo",'1. Datos_Crudos'!$D:$D,B7) -> 0.15826 | D7: =AVERAGEIFS('1. Datos_Crudos'!$J:$J,'1. Datos_Crudos'!$B:$B,"A3 - Busqueda Lineal",'1. Datos_Crudos'!$C:$C,"Recursivo",'1. Datos_Crudos'!$D:$D,B7) -> 0.033
B8: 5000 | C8: =AVERAGEIFS('1. Datos_Crudos'!$J:$J,'1. Datos_Crudos'!$B:$B,"A3 - Busqueda Lineal",'1. Datos_Crudos'!$C:$C,"Iterativo",'1. Datos_Crudos'!$D:$D,B8) -> 0.20658 | D8: =AVERAGEIFS('1. Datos_Crudos'!$J:$J,'1. Datos_Crudos'!$B:$B,"A3 - Busqueda Lineal",'1. Datos_Crudos'!$C:$C,"Recursivo",'1. Datos_Crudos'!$D:$D,B8) -> 0.39966
B9: 10000 | C9: =AVERAGEIFS('1. Datos_Crudos'!$J:$J,'1. Datos_Crudos'!$B:$B,"A3 - Busqueda Lineal",'1. Datos_Crudos'!$C:$C,"Iterativo",'1. Datos_Crudos'!$D:$D,B9) -> 0.53182 | D9: =AVERAGEIFS('1. Datos_Crudos'!$J:$J,'1. Datos_Crudos'!$B:$B,"A3 - Busqueda Lineal",'1. Datos_Crudos'!$C:$C,"Recursivo",'1. Datos_Crudos'!$D:$D,B9) -> 3.16362
B11: Observacion: Ambas O(n): al multiplicar n x10, el tiempo tambien x10 aprox.

Sheet 5. Burbuja
B1: HOJA — A4 - Burbuja | Iterativo vs. Recursivo
B2: Big-O Iterativo: | C2: O(n^2) | D2: Big-O Recursivo: O(n^2)
B4: n | C4: Iterativo (O(n^2)) | D4: Recursivo (O(n^2))
B5: 100 | C5: =AVERAGEIFS('1. Datos_Crudos'!$J:$J,'1. Datos_Crudos'!$B:$B,"A4 - Burbuja",'1. Datos_Crudos'!$C:$C,"Iterativo",'1. Datos_Crudos'!$D:$D,B5) -> 0.58704 | D5: =AVERAGEIFS('1. Datos_Crudos'!$J:$J,'1. Datos_Crudos'!$B:$B,"A4 - Burbuja",'1. Datos_Crudos'!$C:$C,"Recursivo",'1. Datos_Crudos'!$D:$D,B5) -> 0.33864
B6: 500 | C6: =AVERAGEIFS('1. Datos_Crudos'!$J:$J,'1. Datos_Crudos'!$B:$B,"A4 - Burbuja",'1. Datos_Crudos'!$C:$C,"Iterativo",'1. Datos_Crudos'!$D:$D,B6) -> 11.76752 | D6: =AVERAGEIFS('1. Datos_Crudos'!$J:$J,'1. Datos_Crudos'!$B:$B,"A4 - Burbuja",'1. Datos_Crudos'!$C:$C,"Recursivo",'1. Datos_Crudos'!$D:$D,B6) -> 3.22512
B7: 1000 | C7: =AVERAGEIFS('1. Datos_Crudos'!$J:$J,'1. Datos_Crudos'!$B:$B,"A4 - Burbuja",'1. Datos_Crudos'!$C:$C,"Iterativo",'1. Datos_Crudos'!$D:$D,B7) -> 3.40932 | D7: =AVERAGEIFS('1. Datos_Crudos'!$J:$J,'1. Datos_Crudos'!$B:$B,"A4 - Burbuja",'1. Datos_Crudos'!$C:$C,"Recursivo",'1. Datos_Crudos'!$D:$D,B7) -> 16.93756
B8: 5000 | C8: =AVERAGEIFS('1. Datos_Crudos'!$J:$J,'1. Datos_Crudos'!$B:$B,"A4 - Burbuja",'1. Datos_Crudos'!$C:$C,"Iterativo",'1. Datos_Crudos'!$D:$D,B8) -> 66.96766 | D8: =AVERAGEIFS('1. Datos_Crudos'!$J:$J,'1. Datos_Crudos'!$B:$B,"A4 - Burbuja",'1. Datos_Crudos'!$C:$C,"Recursivo",'1. Datos_Crudos'!$D:$D,B8) -> 76.1685
B9: 10000 | C9: =AVERAGEIFS('1. Datos_Crudos'!$J:$J,'1. Datos_Crudos'!$B:$B,"A4 - Burbuja",'1. Datos_Crudos'!$C:$C,"Iterativo",'1. Datos_Crudos'!$D:$D,B9) -> 342.93136 | D9: =AVERAGEIFS('1. Datos_Crudos'!$J:$J,'1. Datos_Crudos'!$B:$B,"A4 - Burbuja",'1. Datos_Crudos'!$C:$C,"Recursivo",'1. Datos_Crudos'!$D:$D,B9) -> 561.89916
B11: Observacion: Ambas O(n^2): al x10 n, el tiempo aumenta aprox x100.

Sheet 6. Conclusiones
B1: HOJA 6 — Conclusiones | Big-O Experimental vs. Teorico
B3: Algoritmo | C3: Version | D3: Big-O Experimental (de tu grafica) | E3: Big-O Teorico | F3: Coincide? | G3: Justificacion breve
B4: A1 - Factorial | C4: Iterativo | D4: =AVERAGE('1. Datos_Crudos'!J3:J8) -> 0.00432 | E4: O(n) | F4: Si | G4: El tiempo sube de forma constante y proporcional a n.
B5: A1 - Factorial | C5: Recursivo | D5: =AVERAGE('1. Datos_Crudos'!J9:J14) -> 0.0034766667 | E5: O(n) | F5: Si | G5: Sigue la misma tendencia lineal que el iterativo sin desciaciones.
B6: A2 - Fibonacci | C6: Iterativo | D6: =AVERAGE('1. Datos_Crudos'!J16:J21) -> 0.00552 | E6: O(n) | F6: No | G6: Los tiempos son tan bajosque el crecimiento lineal no es perceptible
B7: A2 - Fibonacci | C7: Recursivo | D7: =AVERAGE('1. Datos_Crudos'!J22:J27) -> 2.2026967 | E7: O(2^n) | F7: No | G7: La muestra es pequeña para ver la curva exponencial reflejada en el promedio
B8: A3 - Busqueda Lineal | C8: Iterativo | D8: =AVERAGE('1. Datos_Crudos'!J29:J33) -> 0.19332 | E8: O(n) | F8: No | G8: El ruido del sistema y la velocidad de ejecución impiden ver la línea recta teórica.
B9: A3 - Busqueda Lineal | C9: Recursivo | D9: =AVERAGE('1. Datos_Crudos'!J34:J38) -> 0.928428 | E9: O(n) | F9: No | G9: La gestión de memoria causa picos inestables que rompen la linealidad
B10: A4 - Burbuja | C10: Iterativo | D10: =AVERAGE('1. Datos_Crudos'!J40:J44) -> 85.13258 | E10: O(n^2) | F10: Si | G10: Al multiplicar nX10, el tiempo sube approx 100 veces (n2)
B11: A4 - Burbuja | C11: Recursivo | D11: =AVERAGE('1. Datos_Crudos'!J45:J49) -> 131.7138 | E11: O(n^2) | F11: SI | G11: Muestra el mismo crecimiento cuadrático, pero con mayor lentitud por las llamadas
B15: Guia para interpretar tus graficas:
B16: Linea recta en grafica | C16: → Big-O es probablemente O(1) o O(n)
B17: Curva suave ascendente | C17: → Big-O es probablemente O(n) o O(log n)
B18: Curva que sube rapido | C18: → Big-O es probablemente O(n^2)
B19: Curva que explota (vertical) | C19: → Big-O es probablemente O(2^n)
